time, A,B,C,
0.0,1.0,0.0,1.0,
0.1,0.92862806163519,0.0469866502541765,0.928478267648628,
0.2,0.8640480614658299,0.08837064714177965,0.8633261085384666,
0.30000000000000004,0.805613660489365,0.12474032728496562,0.8038684756273126,
0.4,0.7527400282343127,0.15662534784346557,0.7495584830688002,
0.5,0.7048979904303875,0.18450240069720994,0.6999273244733907,
0.6000000000000001,0.6616087233319335,0.2088003866239821,0.6545633716864626,
0.7000000000000001,0.6224389751407646,0.22990506936216346,0.6131000855950874,
0.8,0.5869967220366965,0.24816330066308626,0.5752079246440698,
0.9,0.5549272449228972,0.2638868306027922,0.5405886071778802,
1.0,0.5259095822431861,0.27735574736302554,0.5089708247956035,
1.1,0.4996533149494675,0.2888215900196053,0.480106888973761,
1.2000000000000002,0.47589566425763474,0.29851015363959466,0.4537700674495899,
1.3,0.4543988521647086,0.3066240361247093,0.4297523752301609,
1.4000000000000001,0.43494773211444976,0.3133449197462299,0.4078627599070225,
1.5,0.4173476306767287,0.31883564571025613,0.38792552912220357,
1.6,0.4014224001433292,0.3232420819790736,0.36977900009598197,
1.7000000000000002,0.38701265585045913,0.3266948102394894,0.3532743138076229,
1.8,0.37397417903914076,0.3293106509802522,0.33827438178308544,
1.9000000000000001,0.36217647093008776,0.33119404083780657,0.32465294215399215,
2.0,0.351501466589587,0.3324382539958895,0.31229372632241226,
2.1,0.34184232482232163,0.333126549726434,0.30108966367204776,
2.2,0.3331023716897494,0.3333331701475092,0.2909421866716208,
2.3000000000000003,0.3251941351758095,0.3331242494980637,0.28176058552692373,
2.4000000000000004,0.31803846693105126,0.3325586390058951,0.273461411403509,
2.5,0.311563750307561,0.33168864809714615,0.2659679270838661,
2.6,0.3057051812412643,0.33056071519313224,0.25920959763181184,
2.7,0.3004041305179261,0.3292159996924297,0.2531216262337581,
2.8000000000000003,0.29560754019354085,0.32769094160498374,0.24764450917163805,
2.9000000000000004,0.29126740823221736,0.3260177356253791,0.24272363969573177,
3.0,0.2873402928111788,0.3242247870250034,0.2383089251136325,
3.1,0.2837868932521531,0.32233709340656985,0.2343544461666634,
3.2,0.280571643735479,0.3203766149785626,0.23081812734796245,
3.3000000000000003,0.27766236606165406,0.3183625879411508,0.2276614412459935,
3.4000000000000004,0.2750299431899044,0.3163118185169307,0.22484912834107554,
3.5,0.2726480277848842,0.31423894359232435,0.22234893865048752,
3.6,0.2704927825900247,0.3121566611710956,0.2201313943567489,
3.7,0.2685426352530283,0.3100759475288811,0.21816956515112793,
3.8000000000000003,0.2667780699984988,0.30800623924095394,0.2164388664372989,
3.9000000000000004,0.2651814247601598,0.30595561064388976,0.21491686583553102,
4.0,0.26373672241046303,0.3039309188589142,0.21358311134595304,
4.1000000000000005,0.2624295030452204,0.3019379484731518,0.21241896503534644,
4.2,0.2612466800484102,0.2999815338319166,0.21140745365714303,
4.3,0.2601764180617675,0.29806566062712114,0.21053313371932353,
4.4,0.25920800352095086,0.2961935754753962,0.2097819589067637,
4.5,0.25833174625541716,0.29436786586207697,0.20914116623701542,
4.6000000000000005,0.25753887566030564,0.2925905460464474,0.20859916444341317,
4.7,0.2568214570489203,0.2908631239165837,0.20814543591985762,
4.800000000000001,0.2561723094242993,0.28918666708557533,0.20777044350068433,
4.9,0.2555849363536796,0.28756185677038587,0.20746554640096862,
5.0,0.25505345940974633,0.28598903978414963,0.20722292196270667,
5.1000000000000005,0.25457255939814605,0.28446827349449516,0.20703549465175233,
5.2,0.2541374228905474,0.2829993661151314,0.20689686996900866,
5.300000000000001,0.2537436951460959,0.28158191129096244,0.20680127460214848,
5.4,0.2533874355312476,0.28021532075464795,0.20674350087288693,
5.5,0.2530650788090921,0.2788988517289192,0.20671885632457868,
5.6000000000000005,0.2527733980397588,0.2776316332114033,0.20672311655147457,
5.7,0.2525094742950423,0.27641268606931835,0.20675248401454568,
5.800000000000001,0.25227066611773413,0.2752409438291023,0.20680354859325584,
5.9,0.25205458308525724,0.27411526976950784,0.206873251406267,
6.0,0.25185906308101597,0.27303447094260364,0.2069588535842944,
6.1000000000000005,0.25168214963228147,0.27199731238433095,0.2070579058044723,
6.2,0.25152207147091543,0.27100252949752324,0.2071682203105239,
6.300000000000001,0.2513772272466021,0.2700488359554176,0.20728784854529544,
6.4,0.2512461664139021,0.26913493530385507,0.2074150553561304,
6.5,0.2511275779730801,0.26825952566701533,0.20754830185776435,
6.6000000000000005,0.25102027451712683,0.2674213088827529,0.20768622361365796,
6.7,0.2509231824407827,0.266618994296898,0.20782761581075596,
6.800000000000001,0.25083532996765295,0.26585130469078905,0.20797141641655684,
6.9,0.2507558376665339,0.2651169801806432,0.2081166923649772,
7.0,0.25068391010703023,0.26441478125178297,0.2082626271074712,
7.1000000000000005,0.25061882697045657,0.2637434924400691,0.20840850779767675,
7.2,0.2505599377257267,0.26310192307555413,0.20855371700175718,
7.300000000000001,0.2505066525225437,0.2624889114279471,0.20869771991360148,
7.4,0.2504584380522985,0.26190332472165423,0.20884005776377093,
7.5,0.2504148119823456,0.26134406049283265,0.20898033959665469,
7.6000000000000005,0.25037533725338934,0.26081004819121695,0.20911823400424492,
7.7,0.2503396191973957,0.2603002485446771,0.20925346452499385,
7.800000000000001,0.25030730006624763,0.2598136551703372,0.20938580173411517,
7.9,0.2502780564756444,0.25934929391120926,0.2095150592853054,
8.0,0.250251595954091,0.2589062230033427,0.20964108884096866,
8.1,0.25022765337532427,0.25848353344216035,0.2097637749233738,
8.200000000000001,0.2502059893173749,0.2580803478931472,0.20988303233670352,
8.3,0.2501863867996568,0.2576958209511541,0.20999880139047178,
8.4,0.2501686496778979,0.25732913823480796,0.21011104554991908,
8.5,0.25015260054845884,0.2569795159217137,0.21021974839331656,
8.6,0.25013807862851983,0.25664620038835745,0.21032491055894803,
8.700000000000001,0.2501249386999766,0.25632846710984497,0.21042654821753545,
8.8,0.25011304902837833,0.25602562040638055,0.21052469011401279,
8.9,0.25010229072673595,0.2557369921943651,0.21061937670487296,
9.0,0.25009255653669094,0.2554619412277914,0.21071065845949108,
9.1,0.2500837488970553,0.2551998530431447,0.21079859312852187,
9.200000000000001,0.25007577947036846,0.25495013844221875,0.21088324512580256,
9.3,0.2500685682758709,0.25471223283193095,0.21096468439914343,
9.4,0.25006204354269695,0.2544855955048584,0.2110429864328732,
9.5,0.25005613961036943,0.25426970878482424,0.21111822914340736,
9.600000000000001,0.2500507971686831,0.2540640771936239,0.21119049345290875,
9.700000000000001,0.2500459632853821,0.25386822659976566,0.21125986352256823,
9.8,0.2500415893188776,0.253681703473091,0.21132642371269444,
9.9,0.2500376315288578,0.2535040742322443,0.21139025974239448,
10.0,0.2500340505507438,0.25333492447553013,0.21145145807216503,
10.100000000000001,0.25003081022701235,0.25317385807660997,0.21151010427094508,
10.200000000000001,0.25002787824588063,0.25302049666034054,0.2115662841728312,
10.3,0.2500252253820722,0.25287447878523484,0.2116200829032088,
10.4,0.2500228248536115,0.25273545916967033,0.21167158407759096,
10.5,0.2500206529237361,0.25260310837565725,0.21172087085547076,
10.600000000000001,0.2500186878768812,0.2524771117851855,0.21176802458740546,
10.700000000000001,0.2500169096557125,0.2523571688814881,0.21181312443815942,
10.8,0.2500153003713945,0.2522429930631204,0.21185624829544944,
10.9,0.25001384434078666,0.25213431117659424,0.21189747298201095,
11.0,0.2500125268883179,0.25203086226507343,0.21193687264986083,
11.100000000000001,0.25001133461921754,0.2519323973036969,0.21197451932659123,
11.200000000000001,0.2500102558807097,0.2518386793114483,0.21201048367453168,
11.3,0.2500092799070101,0.25174948204350656,0.21204483395781612,
11.4,0.2500083967592284,0.25166458954221893,0.21207763609142935,
11.5,0.25000759763779845,0.2515837962350595,0.2121089541599308,
11.600000000000001,0.2500068746696483,0.25150690630622946,0.212138850262334,
11.700000000000001,0.2500062205082397,0.251433732802795,0.21216738411864758,
11.8,0.25000562846948793,0.25136409750654937,0.2121946133510921,
11.9,0.2500050928044719,0.2512978310120984,0.2122205939222556,
12.0,0.2500046081489516,0.25123477160051105,0.21224537957683198,
12.100000000000001,0.25000416957194666,0.2511747649999852,0.2122690220060773,
12.200000000000001,0.2500037727353763,0.25111766459077073,0.21229157108224722,
12.3,0.2500034137113467,0.25106333068921727,0.2123130747747049,
12.4,0.25000308885715516,0.2510116299909333,0.2123335791188127,
12.5,0.2500027948815188,0.2509624355552169,0.21235312835143694,
12.600000000000001,0.2500025289167189,0.2509156268147395,0.21237176504662486,
12.700000000000001,0.25000228827798704,0.2508710886692958,0.2123895299967261,
12.8,0.2500020704987579,0.2508287113916295,0.21240646231528962,
12.9,0.2500018734425299,0.2507883908039614,0.212422599571753,
13.0,0.2500016951554251,0.2507500276105998,0.21243797777081616,
13.100000000000001,0.2500015338296435,0.2507135270918208,0.21245263139800497,
13.200000000000001,0.25000138784539866,0.25067879915755803,0.2124665934865192,
13.3,0.2500012557723648,0.2506457582288101,0.21247989566982545,
13.4,0.2500011362756984,0.2506143226162777,0.21249256822439155,
13.5,0.2500010281424318,0.25058441453973046,0.21250464011937756,
13.600000000000001,0.2500009303617898,0.2505559604583645,0.2125161390493146,
13.700000000000001,0.25000084196050376,0.2505288900305395,0.21252709150847468,
13.8,0.25000076201754373,0.2505031360772472,0.21253752283470073,
13.9,0.2500006896569116,0.25047863442284557,0.21254745725697077,
14.0,0.2500006240287175,0.2504553236703363,0.21255691794491408,
14.100000000000001,0.2500005645248128,0.25043314634360947,0.21256592699265645,
14.200000000000001,0.25000051068470924,0.2504120482247128,0.21257450548937876,
14.3,0.25000046196745923,0.25039197690995585,0.212582673627404,
14.4,0.2500004178664541,0.25037288236450356,0.21259045071427396,
14.5,0.25000037789846674,0.2503547167440778,0.21259785522003505,
14.600000000000001,0.25000034162583257,0.25033743451024265,0.21260490477965752,
14.700000000000001,0.2500003087966622,0.250320993591366,0.2126116160356491,
14.8,0.25000027911675043,0.25030535328067477,0.21261800497932168,
14.9,0.2500002522994028,0.2502904745964618,0.21262408691578016,
15.0,0.25000022807553157,0.2502763202903045,0.2126298764827039,
15.100000000000001,0.25000020618740926,0.2502628547123634,0.21263538769058887,
15.200000000000001,0.2500001864291082,0.25025004460176353,0.212640633716665,
15.3,0.25000016862103774,0.2502378585711107,0.2126456270465304,
15.4,0.2500001525674119,0.2502262662527737,0.21265037970584838,
15.5,0.25000013807445604,0.2502152386487149,0.21265490317157165,
15.600000000000001,0.2500001249455907,0.25020474802413073,0.21265920840463787,
15.700000000000001,0.2500001130026211,0.2501947680006858,0.21266330585213836,
15.8,0.2500001021865445,0.25018527426083387,0.2126672053560249,
15.9,0.2500000923955513,0.25017624323504567,0.2126709163703189,
16.0,0.25000008352710895,0.25016765235541405,0.21267444793875231,
16.1,0.25000007548706704,0.2501594800561406,0.21267780871112169,
16.2,0.250000068188221,0.25015170569579115,0.21268100697100126,
16.3,0.2500000615676532,0.25014431004819926,0.21268405048043,
16.400000000000002,0.25000005557599264,0.2501372749429666,0.2126869465983108,
16.5,0.2500000501632863,0.2501305828033775,0.21268970243182778,
16.6,0.2500000452866144,0.2501242168427581,0.21269232477593572,
16.7,0.25000004090915745,0.25011816100198736,0.2126948201361631,
16.8,0.25000003699468887,0.2501124000574224,0.2126971946841194,
16.900000000000002,0.2500000334915374,0.2501069201210927,0.21269945405809834,
17.0,0.2500000303584812,0.2501017075788609,0.21270160378051686,
17.1,0.25000002755489725,0.25009674936013954,0.21270364914953227,
17.2,0.2500000250379385,0.25009203294581256,0.21270559523404045,
17.3,0.2500000227613144,0.2500875463164226,0.21270744689226256,
17.400000000000002,0.2500000206740716,0.2500832779003577,0.21270920879033223,
17.5,0.2500000187472101,0.25007921701911456,0.21271088527389712,
17.6,0.2500000169932912,0.2500753542074188,0.21271248027672568,
17.7,0.25000001539190125,0.25007167985213274,0.21271399772644686,
17.8,0.2500000139228759,0.25006818475553516,0.2127154413812546,
17.900000000000002,0.2500000125669631,0.2500648601171114,0.21271681483855834,
18.0,0.25000001130550115,0.25006169749777846,0.21271812154882744,
18.1,0.2500000101201357,0.25005868878510323,0.21271936482907045,
18.2,0.2500000090104196,0.2500558266313016,0.21272054770240312,
18.3,0.2500000079845659,0.25005310418148974,0.21272167299869513,
18.400000000000002,0.2500000070437672,0.2500505146318828,0.21272274351777026,
18.5,0.25000000619247253,0.25004805147418646,0.21272376194019232,
18.6,0.25000000543841594,0.25004570846906443,0.21272473083770987,
18.7,0.25000000479264467,0.2500434796196071,0.2127256526837006,
18.8,0.2500000042677961,0.25004135916906806,0.21272652985270324,
18.900000000000002,0.25000000384214294,0.25003934207298206,0.2127273644066447,
19.0,0.2500000034981315,0.2500374234389682,0.21272815834524636,
19.1,0.25000000322529364,0.2500355984602451,0.2127289136344335,
19.200000000000003,0.2500000030095656,0.2500338625375057,0.21272963215004875,
19.3,0.2500000028327497,0.25003221126023845,0.21273031568476536,
19.400000000000002,0.250000002671976,0.25003064038804945,0.2127309659550001,
19.5,0.25000000250545457,0.2500291458920452,0.21273158459379302,
19.6,0.2500000023480358,0.2500277242808073,0.2127321730771913,
19.700000000000003,0.25000000219654983,0.25002637206498046,0.21273273285189861,
19.8,0.25000000204261835,0.2500250858660529,0.21273326531240716,
19.900000000000002,0.2500000018780665,0.25002386245449193,0.212733771794636,
20.0,0.2500000016949825,0.25002269873677146,0.21273425358151096,
20.1,0.25000000148577667,0.25002159174239913,0.2127347119085446,
20.200000000000003,0.25000000124931,0.2500205386807204,0.21273514793487514,
20.3,0.2500000010015656,0.25001953704994667,0.21273556268845337,
20.400000000000002,0.2500000007517023,0.2500185843482044,0.21273595720823787,
20.5,0.25000000051181887,0.25001767817213283,0.21273633249454504,
20.6,0.2500000002980437,0.2500168162157609,0.21273668950876332,
20.700000000000003,0.2500000001308591,0.250015996260578,0.21273702917742662,
20.8,0.250000000035425,0.2500152161656048,0.21273735239628747,
20.900000000000002,0.2500000000100693,0.25001447400085586,0.21273765995824181,
21.0,0.25000000002621126,0.2500137680392149,0.21273795255644404,
21.1,0.25000000007971057,0.25001309651666875,0.21273823091043598,
21.200000000000003,0.25000000016305585,0.25001245774911,0.21273849570291892,
21.3,0.2500000002648115,0.25001185012636035,0.21273874758172778,
21.400000000000002,0.25000000036916165,0.2500112721057537,0.21273898716203943,
21.5,0.2500000004559927,0.25001072220755316,0.21273921502875193,
21.6,0.25000000052945165,0.2500101991073857,0.21273943174793217,
21.700000000000003,0.25000000059329675,0.25000970154739766,0.2127396378613196,
21.8,0.25000000063926675,0.2500092282917647,0.21273983388497567,
21.900000000000002,0.25000000065847655,0.2500087781606528,0.21274002031526593,
22.0,0.2500000006414505,0.25000835002546856,0.21274019763122398,
22.1,0.2500000005781563,0.25000794280410993,0.21274036629691537,
22.200000000000003,0.25000000049799187,0.2500075551134329,0.21274052689279754,
22.3,0.2500000003231884,0.25000718690872986,0.21274067944940936,
22.400000000000002,0.25000000013762863,0.25000683662087914,0.2127408245966498,
22.5,0.24999999994888233,0.2500065034058878,0.2127409626903585,
22.6,0.24999999977087195,0.25000618643567246,0.21274109407920594,
22.700000000000003,0.24999999962387237,0.25000588489805964,0.21274121910469354,
22.8,0.24999999953451119,0.2500055979967855,0.21274133810115353,
22.900000000000002,0.2499999995202942,0.2500053249829649,0.21274145137743883,
23.0,0.24999999953979918,0.25000506525637906,0.2127415591579888,
23.1,0.24999999958398092,0.25000481817979464,0.21274166169086764,
23.200000000000003,0.24999999964780065,0.2500045831366595,0.21274175921419416,
23.3,0.24999999972499862,0.25000435954173295,0.21274185194995657,
23.400000000000002,0.24999999980817558,0.2500041468408489,0.21274194010517816,
23.5,0.24999999989234112,0.2500039445006048,0.21274202392267505,
23.6,0.24999999997171946,0.2500037520176442,0.2127421036353633,
23.700000000000003,0.25000000003848216,0.25000356892233827,0.2127421794481324,
23.8,0.25000000008404616,0.25000339477501526,0.21274225155641024,
23.900000000000002,0.2500000000990735,0.2500032291659599,0.2127423201461633,
24.0,0.25000000008183365,0.2500030716870304,0.21274238539448148,
24.1,0.2500000000492777,0.25000292189406764,0.21274244747035329,
24.200000000000003,0.25000000000771905,0.2500027794064152,0.2127425065326141,
24.3,0.24999999996459743,0.2500026438669887,0.2127425627307694,
24.400000000000002,0.2499999999291735,0.2500025149399175,0.21274261620504342,
24.5,0.24999999991123922,0.25000239230863336,0.212742667086652,
24.6,0.24999999990324012,0.25000227564938515,0.212742715501586,
24.700000000000003,0.24999999990186525,0.250002164663224,0.21274276156604235,
24.8,0.24999999990763838,0.2500020590753981,0.2127428053865106,
24.900000000000002,0.2499999999206977,0.25000195862909985,0.21274284706066593,
25.0,0.24999999994079575,0.2500018630854661,0.21274288667736918,
25.1,0.24999999997702746,0.2500017719608381,0.2127429244165124,
25.200000000000003,0.24999999999719222,0.25000168565571024,0.21274296018325786,
25.3,0.2500000000199216,0.2500016034712272,0.21274299422804663,
25.400000000000002,0.2500000000396322,0.2500015252527771,0.212743026623588,
25.5,0.2500000000507403,0.25000145084574815,0.21274305744259125,
25.6,0.2500000000495921,0.2500013800917459,0.2127430867572567,
25.700000000000003,0.25000000004495,0.25000131280803645,0.21274311463650925,
25.8,0.2500000000386261,0.2500012488255104,0.21274314115110726,
25.900000000000002,0.2500000000304825,0.25000118797888105,0.21274316637232352,
26.0,0.2500000000203813,0.25000113010286157,0.21274319037143077,
26.1,0.25000000000818456,0.2500010750321651,0.21274321321970183,
26.200000000000003,0.24999999999460099,0.25000102262876195,0.21274323497284967,
26.3,0.2499999999819887,0.2500009728077393,0.2127432556562649,
26.400000000000002,0.24999999997123057,0.2500009254366758,0.21274327532245904,
26.5,0.2499999999631328,0.250000880380686,0.21274329402534994,
26.6,0.24999999995850164,0.2500008375048847,0.2127433118188555,
26.700000000000003,0.2499999999581415,0.2500007966744431,0.2127433287568736,
26.8,0.24999999996080838,0.25000075781542713,0.2127433448716957,
26.900000000000002,0.2499999999646814,0.2500007208710541,0.21274336018952777,
27.0,0.2499999999693657,0.25000068574214557,0.21274337475161845,
27.1,0.24999999997446648,0.25000065232952295,0.21274338859921635,
27.200000000000003,0.24999999997958894,0.25000062053400773,0.21274340177357007,
27.3,0.24999999997812153,0.2500005882747953,0.2127434151596141,
27.400000000000002,0.24999999998538647,0.25000056038982055,0.2127434266992671,
27.5,0.24999999999111344,0.2500005335948042,0.2127434377912113,
27.6,0.2499999999953025,0.2500005078897463,0.21274344843544662,
27.700000000000003,0.24999999999795364,0.25000048327464686,0.2127434586319731,
27.8,0.24999999999906683,0.25000045974950585,0.21274346838079075,
27.900000000000002,0.2499999999988755,0.2500004372916262,0.21274347769074675,
28.0,0.24999999999840314,0.2500004158014942,0.21274348660063075,
28.1,0.24999999999776987,0.2500003952674278,0.21274349511499638,
28.200000000000003,0.24999999999697567,0.250000375689427,0.21274350323384364,
28.3,0.24999999999602054,0.25000035706749174,0.21274351095717253,
28.400000000000002,0.24999999999490452,0.2500003394016221,0.21274351828498303,
28.5,0.24999999999362757,0.250000322691818,0.21274352521727516,
28.6,0.2499999999921942,0.2500003069348978,0.21274353175535085,
28.700000000000003,0.24999999999086847,0.2500002919433277,0.21274353797594706,
28.8,0.2499999999898048,0.25000027760746557,0.21274354392392825,
28.900000000000002,0.24999999998900316,0.2500002639273114,0.21274354959929445,
29.0,0.24999999998846356,0.25000025090286515,0.21274355500204567,
29.1,0.24999999998818603,0.25000023853412684,0.2127435601321819,
29.200000000000003,0.24999999998817052,0.25000022682109646,0.21274356498970315,
29.3,0.24999999998841707,0.25000021576377407,0.2127435695746094,
29.400000000000002,0.24999999998887648,0.2500002053082652,0.21274357390934615,
29.5,0.24999999998941036,0.25000019530303363,0.21274357805702412,
29.6,0.24999999999001046,0.2500001857389863,0.2127435820214303,
29.700000000000003,0.24999999999067676,0.2500001766161232,0.21274358580256464,
29.8,0.24999999999140923,0.2500001679344444,0.21274358940042717,
29.900000000000002,0.24999999999220793,0.2500001596939499,0.21274359281501787,
30.0,0.24999999999307282,0.2500001518946396,0.21274359604633677,
30.1,0.2499999999940003,0.25000014453095865,0.21274359909670093,
30.200000000000003,0.2499999999949219,0.2500001374981794,0.21274360200979528,
30.3,0.24999999999581168,0.25000013075656086,0.21274360480219698,
30.400000000000002,0.2499999999966696,0.25000012430610297,0.212743607473906,
30.5,0.24999999999749573,0.2500001181468057,0.2127436100249223,
30.6,0.24999999999829003,0.2500001122786691,0.21274361245524598,
30.700000000000003,0.2499999999990525,0.25000010670169315,0.21274361476487696,
30.8,0.24999999999978315,0.25000010141587786,0.21274361695381527,
30.900000000000002,0.25000000000048195,0.2500000964212232,0.21274361902206088,
31.0,0.2500000000011489,0.2500000917177292,0.21274362096961383,
31.1,0.25000000000178413,0.2500000873053958,0.2127436227964741,
31.200000000000003,0.2500000000023874,0.2500000831842231,0.2127436245026417,
31.3,0.2500000000029439,0.25000007929535667,0.2127436261126157,
31.400000000000002,0.25000000000343336,0.25000007555987447,0.2127436276592487,
31.5,0.2500000000038557,0.2500000719773662,0.21274362914271147,
31.6,0.25000000000421096,0.25000006854783186,0.21274363056300402,
31.700000000000003,0.25000000000449907,0.2500000652712715,0.21274363192012632,
31.8,0.25000000000472006,0.25000006214768505,0.21274363321407844,
31.900000000000002,0.25000000000487393,0.2500000591770725,0.2127436344448603,
32.0,0.2500000000049607,0.250000056359434,0.21274363561247195,
32.1,0.2500000000049804,0.25000005369476935,0.2127436367169134,
32.2,0.2500000000049329,0.25000005118307866,0.21274363775818458,
32.300000000000004,0.2500000000048183,0.25000004882436194,0.21274363873628557,
32.4,0.2500000000046435,0.2500000466067092,0.21274363965613763,
32.5,0.25000000000443956,0.2500000444762435,0.21274364054000344,
32.6,0.25000000000421024,0.25000004242639107,0.21274364139059937,
32.7,0.25000000000395567,0.25000004045715185,0.21274364220792538,
32.800000000000004,0.2500000000036757,0.2500000385685258,0.21274364299198154,
32.9,0.25000000000337047,0.250000036760513,0.21274364374276777,
33.0,0.25000000000303985,0.2500000350331134,0.21274364446028413,
33.1,0.2500000000026839,0.2500000333863271,0.21274364514453056,
33.2,0.25000000000230266,0.25000003182015396,0.21274364579550714,
33.300000000000004,0.2500000000018961,0.25000003033459406,0.2127436464132138,
33.4,0.25000000000146416,0.25000002892964734,0.21274364699765058,
33.5,0.2500000000010082,0.2500000276044746,0.21274364754915975,
33.6,0.25000000000056166,0.25000002633663443,0.21274364807689403,
33.7,0.25000000000013967,0.25000002511611796,0.21274364858493552,
33.800000000000004,0.2499999999997421,0.2500000239429252,0.2127436490732842,
33.9,0.24999999999936903,0.2500000228170562,0.21274364954194006,
34.0,0.24999999999902042,0.2500000217385109,0.21274364999090312,
34.1,0.2499999999986963,0.25000002070728927,0.2127436504201734,
34.2,0.24999999999839664,0.25000001972339136,0.21274365082975086,
34.300000000000004,0.24999999999812145,0.25000001878681716,0.2127436512196355,
34.4,0.24999999999787073,0.2500000178975667,0.21274365158982736,
34.5,0.2499999999976445,0.25000001705563996,0.21274365194032643,
34.6,0.24999999999744274,0.2500000162610369,0.21274365227113268,
34.7,0.24999999999726757,0.25000001550857576,0.21274365258436995,
34.800000000000004,0.2499999999971244,0.25000001478495193,0.2127436528854913,
34.9,0.24999999999701358,0.2500000140894956,0.21274365317477126,
35.0,0.24999999999693504,0.25000001342220685,0.21274365345220983,
35.1,0.2499999999968888,0.2500000127830855,0.212743653717807,
35.2,0.24999999999687486,0.2500000121721316,0.21274365397156283,
35.300000000000004,0.2499999999968932,0.2500000115893452,0.21274365421347727,
35.4,0.24999999999694386,0.25000001103472624,0.21274365444355034,
35.5,0.24999999999702682,0.2500000105082748,0.21274365466178202,
35.6,0.2499999999971421,0.25000001000999084,0.21274365486817232,
35.7,0.24999999999728964,0.25000000953987433,0.21274365506272122,
35.800000000000004,0.24999999999746866,0.2500000090975626,0.21274365524558211,
35.9,0.24999999999766062,0.25000000867487016,0.2127436554202155,
36.0,0.24999999999785782,0.25000000826840857,0.21274365558805391,
36.1,0.24999999999806027,0.2500000078781777,0.2127436557490974,
36.2,0.24999999999826794,0.2500000075041778,0.2127436559033459,
36.300000000000004,0.24999999999848085,0.25000000714640863,0.21274365605079945,
36.4,0.249999999998699,0.2500000068048703,0.21274365619145802,
36.5,0.24999999999892242,0.2500000064795628,0.21274365632532163,
36.6,0.24999999999915104,0.25000000617048607,0.2127436564523903,
36.7,0.24999999999938494,0.2500000058776402,0.212743656572664,
36.800000000000004,0.24999999999962405,0.25000000560102514,0.21274365668614273,
36.9,0.2499999999998684,0.25000000534064093,0.2127436567928265,
37.0,0.2500000000001114,0.2500000050944735,0.21274365689358907,
37.1,0.25000000000033723,0.25000000485772345,0.2127436569905125,
37.2,0.25000000000054523,0.2500000046301843,0.2127436570836864,
37.300000000000004,0.2500000000007354,0.2500000044118561,0.21274365717311072,
37.4,0.2500000000009078,0.2500000042027388,0.21274365725878552,
37.5,0.2500000000010623,0.25000000400283245,0.21274365734071074,
37.6,0.25000000000119904,0.25000000381213705,0.21274365741888643,
37.7,0.2500000000013179,0.25000000363065256,0.21274365749331256,
37.800000000000004,0.250000000001419,0.25000000345837897,0.2127436575639891,
37.9,0.2500000000015022,0.25000000329531635,0.21274365763091613,
38.0,0.2500000000015676,0.2500000031414647,0.2127436576940936,
38.1,0.25000000000161526,0.25000000299666286,0.21274365775358933,
38.2,0.250000000001647,0.25000000285814117,0.2127436578105698,
38.300000000000004,0.2500000000016634,0.2500000027248979,0.21274365786545693,
38.400000000000006,0.2500000000016645,0.25000000259693306,0.21274365791825073,
38.5,0.2500000000016503,0.2500000024742466,0.2127436579689512,
38.6,0.25000000000162076,0.2500000023568385,0.2127436580175583,
38.7,0.25000000000157585,0.2500000022447088,0.21274365806407206,
38.800000000000004,0.2500000000015157,0.25000000213785756,0.21274365810849247,
38.900000000000006,0.2500000000014402,0.25000000203628464,0.21274365815081953,
39.0,0.25000000000134937,0.2500000019399901,0.21274365819105323,
39.1,0.2500000000012432,0.250000001848974,0.2127436582291936,
39.2,0.25000000000112177,0.2500000017632363,0.21274365826524064,
39.300000000000004,0.25000000000099054,0.2500000016820341,0.2127436582994766,
39.400000000000006,0.2500000000008605,0.2500000016039118,0.21274365833245487,
39.5,0.2500000000007318,0.25000000152883084,0.21274365836418996,
39.6,0.2500000000006045,0.2500000014567914,0.21274365839468187,
39.7,0.2500000000004787,0.25000000138779344,0.21274365842393064,
39.800000000000004,0.2500000000003542,0.2500000013218369,0.2127436584519362,
39.900000000000006,0.2500000000002312,0.25000000125892186,0.21274365847869864,
40.0,0.2500000000001096,0.25000000119904825,0.21274365850421786,
40.1,0.24999999999998937,0.2500000011422161,0.21274365852849395,
40.2,0.24999999999987055,0.2500000010884254,0.21274365855152685,
40.300000000000004,0.24999999999975317,0.2500000010376762,0.2127436585733166,
40.400000000000006,0.2499999999996378,0.25000000098989184,0.21274365859389058,
40.5,0.24999999999953137,0.25000000094413116,0.21274365861358566,
40.6,0.2499999999994361,0.2500000009001148,0.2127436586325018,
40.7,0.24999999999935185,0.2500000008578427,0.21274365865063904,
40.800000000000004,0.24999999999927872,0.2500000008173149,0.21274365866799735,
40.900000000000006,0.24999999999921668,0.2500000007785313,0.21274365868457676,
41.0,0.24999999999916572,0.25000000074149203,0.21274365870037726,
41.1,0.24999999999912587,0.25000000070619705,0.21274365871539883,
41.2,0.2499999999990971,0.2500000006726463,0.2127436587296415,
41.300000000000004,0.2499999999990794,0.25000000064083994,0.21274365874310522,
41.400000000000006,0.24999999999907282,0.25000000061077776,0.21274365875579004,
41.5,0.24999999999907732,0.2500000005824599,0.21274365876769596,
41.6,0.24999999999890055,0.2500000005334888,0.2127436587889819,
41.7,0.24999999999872613,0.2500000004852442,0.2127436588099506,
41.800000000000004,0.24999999999855693,0.2500000004380616,0.21274365883044985,
41.900000000000006,0.24999999999839295,0.2500000003919409,0.21274365885047963,
42.0,0.24999999999823422,0.2500000003468823,0.21274365887004001,
42.1,0.2499999999980807,0.2500000003028856,0.2127436588891309,
42.2,0.24999999999793243,0.2500000002599509,0.2127436589077524,
42.300000000000004,0.24999999999778938,0.25000000021807817,0.21274365892590444,
42.400000000000006,0.24999999999765157,0.2500000001772674,0.21274365894358704,
42.5,0.24999999999751898,0.25000000013751866,0.2127436589608002,
42.6,0.24999999999739161,0.2500000000988319,0.2127436589775439,
42.7,0.2499999999972695,0.2500000000612071,0.2127436589938182,
42.800000000000004,0.24999999999715258,0.25000000002464423,0.21274365900962305,
42.900000000000006,0.2499999999970409,0.24999999998914338,0.21274365902495843,
43.0,0.24999999999693445,0.2499999999547045,0.2127436590398244,
43.1,0.24999999999683326,0.2499999999213276,0.2127436590542209,
43.2,0.24999999999673728,0.24999999988901267,0.212743659068148,
43.300000000000004,0.24999999999664652,0.24999999985775972,0.21274365908160564,
43.400000000000006,0.24999999999656097,0.24999999982756876,0.21274365909459383,
43.5,0.24999999999648068,0.2499999997984398,0.21274365910711257,
43.6,0.24999999999640563,0.24999999977037277,0.2127436591191619,
43.7,0.24999999999633576,0.24999999974336773,0.21274365913074178,
43.800000000000004,0.24999999999627115,0.24999999971742468,0.2127436591418522,
43.900000000000006,0.24999999999621178,0.2499999996925436,0.21274365915249321,
44.0,0.24999999999615763,0.24999999966872452,0.21274365916266477,
44.1,0.2499999999961087,0.2499999996459674,0.21274365917236687,
44.2,0.249999999996065,0.24999999962427225,0.21274365918159954,
44.300000000000004,0.24999999999602654,0.24999999960363908,0.21274365919036278,
44.400000000000006,0.24999999999599332,0.2499999995840679,0.21274365919865657,
44.5,0.2499999999959653,0.24999999956555868,0.21274365920648092,
44.6,0.24999999999594252,0.24999999954811147,0.21274365921383584,
44.7,0.24999999999592498,0.24999999953172622,0.2127436592207213,
44.800000000000004,0.24999999999591266,0.24999999951640295,0.21274365922713734,
44.900000000000006,0.24999999999590558,0.24999999950214163,0.21274365923308394,
45.0,0.24999999999590372,0.24999999948894233,0.2127436592385611,
45.1,0.24999999999590708,0.24999999947680498,0.2127436592435688,
45.2,0.24999999999591568,0.24999999946572962,0.21274365924810706,
45.300000000000004,0.2499999999959295,0.24999999945571624,0.2127436592521759,
45.400000000000006,0.24999999999594857,0.24999999944676485,0.2127436592557753,
45.5,0.24999999999597286,0.2499999994388754,0.21274365925890523,
45.6,0.24999999999600236,0.24999999943204795,0.21274365926156574,
45.7,0.24999999999603711,0.24999999942628248,0.21274365926375682,
45.800000000000004,0.24999999999607708,0.249999999421579,0.21274365926547845,
45.900000000000006,0.2499999999961223,0.2499999994179375,0.21274365926673064,
46.0,0.24999999999617273,0.24999999941535794,0.21274365926751337,
46.1,0.24999999999622838,0.24999999941384038,0.2127436592678267,
46.2,0.24999999999628927,0.2499999994133848,0.21274365926767055,
46.300000000000004,0.2499999999963554,0.2499999994139912,0.212743659267045,
46.400000000000006,0.24999999999642675,0.24999999941565956,0.21274365926594999,
46.5,0.24999999999650332,0.24999999941838993,0.21274365926438552,
46.6,0.24999999999658512,0.24999999942218226,0.21274365926235164,
46.7,0.24999999999667216,0.24999999942703657,0.21274365925984828,
46.800000000000004,0.24999999999676442,0.24999999943295284,0.21274365925687552,
46.900000000000006,0.24999999999686193,0.24999999943993112,0.2127436592534333,
47.0,0.24999999999696465,0.24999999944797135,0.21274365924952165,
47.1,0.2499999999970726,0.24999999945707357,0.21274365924514055,
47.2,0.24999999999718578,0.24999999946723778,0.21274365924029,
47.300000000000004,0.24999999999730418,0.24999999947846396,0.21274365923497005,
47.400000000000006,0.24999999999742784,0.2499999994907521,0.21274365922918062,
47.5,0.2499999999975567,0.24999999950410226,0.21274365922292177,
47.6,0.2499999999976908,0.24999999951851437,0.21274365921619348,
47.7,0.24999999999783012,0.24999999953398844,0.21274365920899574,
47.800000000000004,0.24999999999797468,0.24999999955052452,0.21274365920132857,
47.900000000000006,0.24999999999812447,0.24999999956812255,0.21274365919319194,
48.0,0.2499999999982795,0.2499999995867826,0.21274365918458588,
48.1,0.2499999999983895,0.2499999995981469,0.2127436591792567,
48.2,0.2499999999983943,0.24999999959219588,0.21274365918169566,
48.300000000000004,0.24999999999839953,0.24999999958651237,0.2127436591840213,
48.400000000000006,0.24999999999840525,0.2499999995810964,0.2127436591862336,
48.5,0.24999999999841138,0.24999999957594793,0.2127436591883326,
48.6,0.249999999998418,0.249999999571067,0.21274365919031826,
48.7,0.24999999999842507,0.24999999956645358,0.2127436591921906,
48.800000000000004,0.24999999999843256,0.24999999956210767,0.2127436591939496,
48.900000000000006,0.24999999999844053,0.2499999995580293,0.2127436591955953,
49.0,0.24999999999844896,0.24999999955421845,0.21274365919712765,
49.1,0.24999999999845784,0.24999999955067512,0.21274365919854668,
49.2,0.24999999999846717,0.2499999995473993,0.2127436591998524,
49.300000000000004,0.24999999999847697,0.249999999544391,0.21274365920104477,
49.400000000000006,0.24999999999848718,0.24999999954165025,0.21274365920212382,
49.5,0.2499999999984979,0.249999999539177,0.21274365920308955,
49.6,0.24999999999850903,0.24999999953697127,0.21274365920394195,
49.7,0.24999999999852063,0.24999999953503307,0.212743659204681,
49.800000000000004,0.2499999999985327,0.24999999953336238,0.21274365920530675,
49.900000000000006,0.24999999999854522,0.24999999953195923,0.21274365920581917,
50.0,0.24999999999855818,0.2499999995308236,0.21274365920621827,
50.1,0.2499999999985716,0.24999999952995547,0.212743659206504,
50.2,0.24999999999858546,0.2499999995293549,0.21274365920667646,
50.300000000000004,0.2499999999985998,0.2499999995290218,0.21274365920673555,
50.400000000000006,0.24999999999861458,0.24999999952895627,0.21274365920668134,
50.5,0.24999999999862982,0.24999999952915822,0.21274365920651378,
50.6,0.2499999999986455,0.24999999952962773,0.21274365920623292,
50.7,0.24999999999866165,0.24999999953036472,0.2127436592058387,
50.800000000000004,0.24999999999867825,0.24999999953136925,0.2127436592053312,
50.900000000000006,0.2499999999986953,0.24999999953264132,0.21274365920471033,
51.0,0.2499999999987128,0.2499999995341809,0.21274365920397617,
51.1,0.24999999999873077,0.249999999535988,0.21274365920312865,
51.2,0.2499999999987492,0.24999999953806262,0.2127436592021678,
51.300000000000004,0.24999999999876807,0.24999999954040475,0.21274365920109367,
51.400000000000006,0.2499999999987874,0.2499999995430144,0.21274365919990618,
51.5,0.24999999999880718,0.2499999995458916,0.21274365919860536,
51.6,0.2499999999988274,0.24999999954903632,0.2127436591971912,
51.7,0.2499999999988481,0.24999999955244853,0.21274365919566376,
51.800000000000004,0.24999999999886924,0.24999999955612828,0.21274365919402297,
51.900000000000006,0.24999999999889083,0.24999999956007557,0.21274365919226884,
52.0,0.24999999999891287,0.24999999956429034,0.2127436591904014,
52.1,0.24999999999893538,0.24999999956877267,0.21274365918842061,
52.2,0.24999999999895836,0.2499999995735225,0.2127436591863265,
52.300000000000004,0.24999999999898176,0.24999999957853986,0.21274365918411908,
52.400000000000006,0.24999999999900563,0.24999999958382474,0.21274365918179833,
52.5,0.24999999999902994,0.24999999958937713,0.21274365917936425,
52.6,0.24999999999905473,0.24999999959519706,0.21274365917681684,
52.7,0.24999999999907996,0.2499999996012845,0.2127436591741561,
52.800000000000004,0.24999999999910563,0.24999999960763947,0.21274365917138205,
52.900000000000006,0.24999999999913178,0.24999999961426195,0.21274365916849464,
53.0,0.24999999999915837,0.24999999962115194,0.21274365916549393,
53.1,0.24999999999918543,0.2499999996283095,0.2127436591623799,
53.2,0.24999999999921294,0.24999999963573452,0.21274365915915253,
53.300000000000004,0.24999999999924089,0.2499999996434271,0.2127436591558118,
53.400000000000006,0.2499999999992693,0.2499999996513872,0.2127436591523578,
53.5,0.24999999999929817,0.2499999996596148,0.21274365914879045,
53.6,0.24999999999932748,0.24999999966810993,0.21274365914510976,
53.7,0.24999999999935726,0.2499999996768726,0.21274365914131577,
53.800000000000004,0.2499999999993875,0.24999999968590278,0.21274365913740845,
53.900000000000006,0.24999999999941816,0.24999999969520048,0.21274365913338777,
54.0,0.2499999999994493,0.2499999997047657,0.2127436591292538,
54.1,0.2499999999994809,0.24999999971459844,0.21274365912500648,
54.2,0.24999999999951295,0.24999999972469872,0.21274365912064583,
54.300000000000004,0.24999999999954545,0.24999999973506648,0.21274365911617188,
54.400000000000006,0.2499999999995784,0.2499999997457018,0.21274365911158458,
54.5,0.24999999999961178,0.24999999975660464,0.21274365910688398,
54.6,0.24999999999964564,0.24999999976777498,0.21274365910207002,
54.7,0.2500000000001125,0.24999999977195375,0.2127436590977517,
54.800000000000004,0.250000000000111,0.2499999997746364,0.21274365909664944,
54.900000000000006,0.2500000000001095,0.24999999977731904,0.21274365909554716,
55.0,0.250000000000108,0.2499999997800017,0.21274365909444487,
55.1,0.2500000000001065,0.24999999978268436,0.2127436590933426,
55.2,0.250000000000105,0.249999999785367,0.21274365909224033,
55.300000000000004,0.25000000000010353,0.24999999978804965,0.21274365909113804,
55.400000000000006,0.25000000000010203,0.24999999979073229,0.21274365909003579,
55.5,0.25000000000010053,0.24999999979341495,0.2127436590889335,
55.6,0.25000000000009903,0.2499999997960976,0.21274365908783122,
55.7,0.2500000000000975,0.24999999979878024,0.21274365908672896,
55.800000000000004,0.250000000000096,0.2499999998014629,0.21274365908562667,
55.900000000000006,0.2500000000000945,0.24999999980414553,0.2127436590845244,
56.0,0.250000000000093,0.2499999998068282,0.21274365908342213,
56.1,0.2500000000000915,0.24999999980951085,0.21274365908231985,
56.2,0.25000000000009,0.24999999981219348,0.21274365908121756,
56.300000000000004,0.2500000000000885,0.24999999981487614,0.21274365908011528,
56.400000000000006,0.250000000000087,0.24999999981755877,0.21274365907901302,
56.5,0.2500000000000855,0.24999999982024143,0.21274365907791074,
56.6,0.250000000000084,0.2499999998229241,0.21274365907680845,
56.7,0.2500000000000825,0.24999999982560672,0.2127436590757062,
56.800000000000004,0.250000000000081,0.24999999982828938,0.2127436590746039,
56.900000000000006,0.2500000000000795,0.24999999983097201,0.21274365907350162,
57.0,0.250000000000078,0.24999999983365467,0.21274365907239937,
57.1,0.2500000000000765,0.24999999983633733,0.21274365907129708,
57.2,0.250000000000075,0.24999999983901997,0.2127436590701948,
57.300000000000004,0.2500000000000735,0.24999999984170262,0.21274365906909254,
57.400000000000006,0.250000000000072,0.24999999984438526,0.21274365906799025,
57.5,0.2500000000000705,0.24999999984706792,0.21274365906688797,
57.6,0.250000000000069,0.24999999984975058,0.2127436590657857,
57.7,0.2500000000000675,0.2499999998524332,0.21274365906468343,
57.800000000000004,0.250000000000066,0.24999999985511587,0.21274365906358114,
57.900000000000006,0.2500000000000645,0.2499999998577985,0.21274365906247886,
58.0,0.250000000000063,0.24999999986048116,0.2127436590613766,
58.1,0.2500000000000615,0.24999999986316382,0.21274365906027431,
58.2,0.25000000000006,0.24999999986584645,0.21274365905917203,
58.300000000000004,0.2500000000000585,0.2499999998685291,0.21274365905806977,
58.400000000000006,0.250000000000057,0.24999999987121174,0.2127436590569675,
58.5,0.2500000000000555,0.2499999998738944,0.2127436590558652,
58.6,0.250000000000054,0.24999999987657706,0.21274365905476295,
58.7,0.2500000000000525,0.2499999998792597,0.21274365905366066,
58.800000000000004,0.250000000000051,0.24999999988194235,0.21274365905255838,
58.900000000000006,0.2500000000000495,0.24999999988462498,0.21274365905145612,
59.0,0.250000000000048,0.24999999988730764,0.21274365905035383,
59.1,0.2500000000000465,0.2499999998899903,0.21274365904925155,
59.2,0.250000000000045,0.24999999989267294,0.2127436590481493,
59.300000000000004,0.2500000000000435,0.2499999998953556,0.212743659047047,
59.400000000000006,0.250000000000042,0.24999999989803823,0.21274365904594472,
59.5,0.2500000000000405,0.2499999999007209,0.21274365904484246,
59.6,0.250000000000039,0.24999999990340355,0.21274365904374018,
59.7,0.2500000000000375,0.24999999990608618,0.2127436590426379,
59.800000000000004,0.250000000000036,0.24999999990876884,0.2127436590415356,
59.900000000000006,0.25000000000003453,0.2499999999114515,0.21274365904043335,
