# time,Ca_macrophage
0.000000000000000000e+00,0.000000000000000000e+00
1.000000000000000056e-01,3.144832142021741772e-03
2.000000000000000111e-01,1.496918113942875134e-02
3.000000000000000444e-01,3.564864846822470706e-02
4.000000000000000222e-01,6.395038504803134127e-02
5.000000000000000000e-01,9.827404524658918394e-02
6.000000000000000888e-01,1.370144641178892564e-01
7.000000000000000666e-01,1.787138616639319111e-01
8.000000000000000444e-01,2.221198469028182187e-01
9.000000000000000222e-01,2.661970581173656036e-01
1.000000000000000000e+00,3.101158894420834589e-01
1.100000000000000089e+00,3.532307052061515185e-01
1.200000000000000178e+00,3.950543039998532513e-01
1.300000000000000044e+00,4.352323095102098582e-01
1.400000000000000133e+00,4.735193284436114980e-01
1.500000000000000000e+00,5.097577431445379226e-01
1.600000000000000089e+00,5.438594130441061214e-01
1.700000000000000178e+00,5.757902333398824402e-01
1.800000000000000044e+00,6.055573269993140828e-01
1.900000000000000133e+00,6.331985765380198083e-01
2.000000000000000000e+00,6.587741811285049431e-01
2.100000000000000089e+00,6.823599295691024080e-01
2.200000000000000178e+00,7.040419056727279523e-01
2.300000000000000266e+00,7.239123740291664166e-01
2.400000000000000355e+00,7.420666335312582351e-01
2.500000000000000000e+00,7.586006352299569100e-01
2.600000000000000089e+00,7.736092341662478278e-01
2.700000000000000178e+00,7.871849249839359963e-01
2.800000000000000266e+00,7.994169653810190290e-01
2.900000000000000355e+00,8.103907982569350521e-01
3.000000000000000000e+00,8.201877025820220046e-01
3.100000000000000089e+00,8.288846181310761674e-01
3.200000000000000178e+00,8.365540987764369385e-01
3.300000000000000266e+00,8.432643601186559090e-01
3.400000000000000355e+00,8.490793936879965642e-01
3.500000000000000000e+00,8.540591266912090918e-01
3.600000000000000089e+00,8.582596110731309791e-01
3.700000000000000178e+00,8.617332293953784417e-01
3.800000000000000266e+00,8.645289094054339207e-01
3.900000000000000355e+00,8.666923386485799741e-01
4.000000000000000000e+00,8.682661756555365429e-01
4.100000000000000533e+00,8.692902549565522108e-01
4.200000000000000178e+00,8.698017820051425764e-01
4.299999999999999822e+00,8.698355179455050656e-01
4.400000000000000355e+00,8.694239532100337398e-01
4.500000000000000000e+00,8.685974694917160122e-01
4.600000000000000533e+00,8.673844903317273758e-01
4.700000000000000178e+00,8.658116207126337338e-01
4.800000000000000711e+00,8.639037761090765377e-01
4.900000000000000355e+00,8.616843015286832497e-01
5.000000000000000000e+00,8.591750812220476652e-01
5.100000000000000533e+00,8.563966397956563892e-01
5.200000000000000178e+00,8.533682352584663899e-01
5.300000000000000711e+00,8.501079446818773366e-01
5.400000000000000355e+00,8.466327431454397923e-01
5.500000000000000000e+00,8.429585765244888007e-01
5.600000000000000533e+00,8.391004286654187849e-01
5.700000000000000178e+00,8.350723833478422842e-01
5.800000000000000711e+00,8.308876815820240846e-01
5.900000000000000355e+00,8.265587747105908045e-01
6.000000000000000000e+00,8.220973735662305826e-01
6.100000000000000533e+00,8.175144941205164661e-01
6.200000000000000178e+00,8.128204998700705453e-01
6.300000000000000711e+00,8.080251412872808681e-01
6.400000000000000355e+00,8.031375925876789168e-01
6.500000000000000000e+00,7.981664859514228105e-01
6.600000000000000533e+00,7.931199435923033114e-01
6.700000000000000178e+00,7.880056076260710807e-01
6.800000000000000711e+00,7.828306680557926001e-01
6.900000000000000355e+00,7.776018890221372271e-01
7.000000000000000000e+00,7.723256333473572655e-01
7.100000000000000533e+00,7.670078855858106781e-01
7.200000000000000178e+00,7.616542736761997556e-01
7.300000000000000711e+00,7.562700892823870369e-01
7.400000000000000355e+00,7.508603068932007130e-01
7.500000000000000000e+00,7.454296017989556766e-01
7.600000000000000533e+00,7.399823670157185118e-01
7.700000000000000178e+00,7.345227292112411766e-01
7.800000000000000711e+00,7.290545637267342727e-01
7.900000000000000355e+00,7.235815085781827083e-01
8.000000000000000000e+00,7.181069779507849304e-01
8.099999999999999645e+00,7.126341745803773664e-01
8.200000000000001066e+00,7.071661017331453136e-01
8.300000000000000711e+00,7.017055741834928861e-01
8.400000000000000355e+00,6.962552289308256981e-01
8.500000000000000000e+00,6.908175349298291135e-01
8.599999999999999645e+00,6.853948025986115189e-01
8.700000000000001066e+00,6.799891925005943083e-01
8.800000000000000711e+00,6.746027238412637406e-01
8.900000000000000355e+00,6.692372820880512219e-01
9.000000000000000000e+00,6.638946267030140236e-01
9.099999999999999645e+00,6.585763978407664920e-01
9.200000000000001066e+00,6.532841231105468438e-01
9.300000000000000711e+00,6.480192237836539526e-01
9.400000000000000355e+00,6.427830206647587863e-01
9.500000000000000000e+00,6.375767396992040315e-01
9.600000000000001421e+00,6.324015170808867659e-01
9.700000000000001066e+00,6.272584043380271535e-01
9.800000000000000711e+00,6.221483729685696185e-01
9.900000000000000355e+00,6.170723187864143311e-01
1.000000000000000000e+01,6.120310661336922919e-01
1.010000000000000142e+01,6.070253719746777632e-01
1.020000000000000107e+01,6.020559293243270549e-01
1.030000000000000071e+01,5.971233710315305698e-01
1.040000000000000036e+01,5.922282728142107544e-01
1.050000000000000000e+01,5.873711567628849828e-01
1.060000000000000142e+01,5.825524939117937562e-01
1.070000000000000107e+01,5.777727073956177017e-01
1.080000000000000071e+01,5.730321748372064761e-01
1.090000000000000036e+01,5.683312310050622207e-01
1.100000000000000000e+01,5.636701701602495618e-01
1.110000000000000142e+01,5.590492482511534300e-01
1.120000000000000107e+01,5.544686850210621687e-01
1.130000000000000071e+01,5.499286661261570952e-01
1.140000000000000036e+01,5.454293449451754761e-01
1.150000000000000000e+01,5.409708444137264483e-01
1.160000000000000142e+01,5.365532587131471853e-01
1.170000000000000107e+01,5.321766548883503090e-01
1.180000000000000071e+01,5.278410743956265527e-01
1.190000000000000036e+01,5.235465345261203218e-01
1.200000000000000000e+01,5.192930297749317470e-01
1.210000000000000142e+01,5.150805332254267954e-01
1.220000000000000107e+01,5.109089976428971003e-01
1.230000000000000071e+01,5.067783567633624697e-01
1.240000000000000036e+01,5.026885263497785639e-01
1.250000000000000000e+01,4.986394052499229512e-01
1.260000000000000142e+01,4.946308764327085328e-01
1.270000000000000107e+01,4.906628078701603668e-01
1.280000000000000071e+01,4.867350535199410078e-01
1.290000000000000036e+01,4.828474541033367928e-01
1.300000000000000000e+01,4.789998379336262713e-01
1.310000000000000142e+01,4.751920217299150373e-01
1.320000000000000107e+01,4.714238114900546339e-01
1.330000000000000071e+01,4.676950029167372680e-01
1.340000000000000036e+01,4.640053820850383870e-01
1.350000000000000000e+01,4.603547260633624738e-01
1.360000000000000142e+01,4.567428038887179631e-01
1.370000000000000107e+01,4.531693768089573582e-01
1.380000000000000071e+01,4.496341987770634541e-01
1.390000000000000036e+01,4.461370172238462439e-01
1.400000000000000000e+01,4.426775733576320815e-01
1.410000000000000142e+01,4.392556026431680971e-01
1.420000000000000107e+01,4.358708352715849887e-01
1.430000000000000071e+01,4.325229965298852952e-01
1.440000000000000036e+01,4.292118072361413295e-01
1.450000000000000000e+01,4.259369842112666338e-01
1.460000000000000142e+01,4.226982405278400523e-01
1.470000000000000107e+01,4.194952858881423885e-01
1.480000000000000071e+01,4.163278269484317340e-01
1.490000000000000036e+01,4.131955676167802238e-01
1.500000000000000000e+01,4.100982093707266074e-01
1.510000000000000142e+01,4.070354515345889768e-01
1.520000000000000107e+01,4.040069915185639515e-01
1.530000000000000071e+01,4.010125251186637541e-01
1.540000000000000036e+01,3.980517467381707863e-01
1.550000000000000000e+01,3.951243496052688209e-01
1.560000000000000142e+01,3.922300260048533493e-01
1.570000000000000107e+01,3.893684674708655091e-01
1.580000000000000071e+01,3.865393649848775093e-01
1.590000000000000036e+01,3.837424091878943178e-01
1.600000000000000000e+01,3.809772905259358744e-01
1.610000000000000142e+01,3.782436994297251887e-01
1.619999999999999929e+01,3.755413264821170771e-01
1.630000000000000071e+01,3.728698625508422571e-01
1.640000000000000213e+01,3.702289989445889939e-01
1.650000000000000000e+01,3.676184275459611350e-01
1.660000000000000142e+01,3.650378409311061945e-01
1.669999999999999929e+01,3.624869324963172490e-01
1.680000000000000071e+01,3.599653965855177384e-01
1.690000000000000213e+01,3.574729285721605643e-01
1.700000000000000000e+01,3.550092249835258285e-01
1.710000000000000142e+01,3.525739835811383394e-01
1.719999999999999929e+01,3.501669034537159275e-01
1.730000000000000071e+01,3.477876851093617550e-01
1.740000000000000213e+01,3.454360305676409393e-01
1.750000000000000000e+01,3.431116434229469214e-01
1.760000000000000142e+01,3.408142288743991055e-01
1.769999999999999929e+01,3.385434938746429978e-01
1.780000000000000071e+01,3.362991471403827815e-01
1.790000000000000213e+01,3.340808991759319224e-01
1.800000000000000000e+01,3.318884624175549858e-01
1.810000000000000142e+01,3.297215512176573382e-01
1.819999999999999929e+01,3.275798818904094301e-01
1.830000000000000071e+01,3.254631728153625225e-01
1.840000000000000213e+01,3.233711444089669151e-01
1.850000000000000000e+01,3.213035191836398630e-01
1.860000000000000142e+01,3.192600218189828865e-01
1.869999999999999929e+01,3.172403791074402402e-01
1.880000000000000071e+01,3.152443200620174135e-01
1.890000000000000213e+01,3.132715759688060597e-01
1.900000000000000000e+01,3.113218804062968248e-01
1.910000000000000142e+01,3.093949690904237992e-01
1.920000000000000284e+01,3.074905800125328215e-01
1.930000000000000071e+01,3.056084535452612827e-01
1.940000000000000213e+01,3.037483324152251973e-01
1.950000000000000000e+01,3.019099616037504985e-01
1.960000000000000142e+01,3.000930883966121954e-01
1.970000000000000284e+01,2.982974625019961246e-01
1.980000000000000071e+01,2.965228360171725530e-01
1.990000000000000213e+01,2.947689633700807943e-01
2.000000000000000000e+01,2.930356013098576740e-01
2.010000000000000142e+01,2.913225090274172979e-01
2.020000000000000284e+01,2.896294481188667058e-01
2.030000000000000071e+01,2.879561825329908231e-01
2.040000000000000213e+01,2.863024785099452241e-01
2.050000000000000000e+01,2.846681047312527024e-01
2.060000000000000142e+01,2.830528322672635766e-01
2.070000000000000284e+01,2.814564345497837516e-01
2.080000000000000071e+01,2.798786873099102790e-01
2.090000000000000213e+01,2.783193686776130882e-01
2.100000000000000000e+01,2.767782591473830767e-01
2.110000000000000142e+01,2.752551415579985172e-01
2.120000000000000284e+01,2.737498010294026063e-01
2.130000000000000071e+01,2.722620250365556660e-01
2.140000000000000213e+01,2.707916033838038139e-01
2.150000000000000000e+01,2.693383281844582422e-01
2.160000000000000142e+01,2.679019937859482559e-01
2.170000000000000284e+01,2.664823968366208384e-01
2.180000000000000071e+01,2.650793362642061002e-01
2.190000000000000213e+01,2.636926132528821243e-01
2.200000000000000000e+01,2.623220312010708377e-01
2.210000000000000142e+01,2.609673957289775914e-01
2.220000000000000284e+01,2.596285146854675485e-01
2.230000000000000071e+01,2.583051981198549174e-01
2.240000000000000213e+01,2.569972582372452297e-01
2.250000000000000000e+01,2.557045094108099104e-01
2.260000000000000142e+01,2.544267681721361085e-01
2.270000000000000284e+01,2.531638531874005893e-01
2.280000000000000071e+01,2.519155852400948858e-01
2.290000000000000213e+01,2.506817871964816535e-01
2.300000000000000000e+01,2.494622839935937975e-01
2.310000000000000142e+01,2.482569026269567380e-01
2.320000000000000284e+01,2.470654721224448958e-01
2.330000000000000071e+01,2.458878235130080858e-01
2.340000000000000213e+01,2.447237898808105883e-01
2.350000000000000000e+01,2.435732063399160541e-01
2.360000000000000142e+01,2.424359099387107253e-01
2.370000000000000284e+01,2.413117396800747716e-01
2.380000000000000071e+01,2.402005365024336148e-01
2.390000000000000213e+01,2.391021432690725035e-01
2.400000000000000000e+01,2.380164047572241592e-01
2.410000000000000142e+01,2.369431676204874770e-01
2.420000000000000284e+01,2.358822803781691901e-01
2.430000000000000071e+01,2.348335933968014044e-01
2.440000000000000213e+01,2.337969588581838565e-01
2.450000000000000000e+01,2.327722307094796383e-01
2.460000000000000142e+01,2.317592646898291586e-01
2.470000000000000284e+01,2.307579182912396221e-01
2.480000000000000071e+01,2.297680507338630274e-01
2.490000000000000213e+01,2.287895229653736928e-01
2.500000000000000000e+01,2.278221977428017131e-01
2.510000000000000142e+01,2.268659394812981012e-01
2.520000000000000284e+01,2.259206142717444243e-01
2.530000000000000071e+01,2.249860898752432392e-01
2.540000000000000213e+01,2.240622357025994493e-01
2.550000000000000000e+01,2.231489227487271909e-01
2.560000000000000142e+01,2.222460236287227830e-01
2.570000000000000284e+01,2.213534125557796162e-01
2.580000000000000071e+01,2.204709653156373128e-01
2.590000000000000213e+01,2.195985592457941338e-01
2.600000000000000000e+01,2.187360731422256233e-01
2.610000000000000142e+01,2.178833872528731230e-01
2.620000000000000284e+01,2.170403833160611529e-01
2.630000000000000071e+01,2.162069447105804121e-01
2.640000000000000213e+01,2.153829562976889433e-01
2.650000000000000000e+01,2.145683043309234983e-01
2.660000000000000142e+01,2.137628764206987719e-01
2.670000000000000284e+01,2.129665615991269967e-01
2.680000000000000071e+01,2.121792503145615572e-01
2.690000000000000213e+01,2.114008343779456012e-01
2.700000000000000000e+01,2.106312069606448567e-01
2.710000000000000142e+01,2.098702626002031113e-01
2.720000000000000284e+01,2.091178971545422371e-01
2.730000000000000071e+01,2.083740078094961923e-01
2.740000000000000213e+01,2.076384929813214208e-01
2.750000000000000000e+01,2.069112523991775976e-01
2.760000000000000142e+01,2.061921870569675963e-01
2.770000000000000284e+01,2.054811991938546023e-01
2.780000000000000071e+01,2.047781922715443959e-01
2.790000000000000213e+01,2.040830709708012503e-01
2.800000000000000000e+01,2.033957412130370512e-01
2.810000000000000142e+01,2.027161100439889008e-01
2.820000000000000284e+01,2.020440857047893501e-01
2.830000000000000071e+01,2.013795776227433332e-01
2.840000000000000213e+01,2.007224962999371309e-01
2.850000000000000000e+01,2.000727534231577509e-01
2.860000000000000142e+01,1.994302617807711120e-01
2.870000000000000284e+01,1.987949352217224797e-01
2.880000000000000071e+01,1.981666887409942179e-01
2.890000000000000213e+01,1.975454383413595416e-01
2.900000000000000000e+01,1.969311011041325610e-01
2.910000000000000142e+01,1.963235952178328247e-01
2.920000000000000284e+01,1.957228398342119036e-01
2.930000000000000071e+01,1.951287550956406491e-01
2.940000000000000213e+01,1.945412622296693872e-01
2.950000000000000000e+01,1.939602834262258990e-01
2.960000000000000142e+01,1.933857417888176500e-01
2.970000000000000284e+01,1.928175614728090126e-01
2.980000000000000071e+01,1.922556675845232266e-01
2.990000000000000213e+01,1.916999860814692647e-01
3.000000000000000000e+01,1.911504439312937398e-01
3.010000000000000142e+01,1.906069690374500858e-01
3.020000000000000284e+01,1.900694901128300585e-01
3.030000000000000071e+01,1.895379368280372678e-01
3.040000000000000213e+01,1.890122397601472770e-01
3.050000000000000000e+01,1.884923301774495408e-01
3.060000000000000142e+01,1.879781403196336409e-01
3.070000000000000284e+01,1.874696033609408174e-01
3.080000000000000071e+01,1.869666533703055467e-01
3.090000000000000213e+01,1.864692253113553744e-01
3.100000000000000000e+01,1.859772547886831828e-01
3.110000000000000142e+01,1.854906778605059092e-01
3.120000000000000284e+01,1.850094317358556562e-01
3.130000000000000071e+01,1.845334544658241982e-01
3.140000000000000213e+01,1.840626849340659954e-01
3.150000000000000000e+01,1.835970628380486636e-01
3.160000000000000142e+01,1.831365282052378474e-01
3.170000000000000284e+01,1.826810218985256140e-01
3.180000000000000071e+01,1.822304857054117266e-01
3.190000000000000213e+01,1.817848621877518611e-01
3.200000000000000000e+01,1.813440946817578836e-01
3.210000000000000142e+01,1.809081271558427573e-01
3.220000000000000284e+01,1.804769038669840620e-01
3.230000000000000426e+01,1.800503700676524543e-01
3.239999999999999858e+01,1.796284717600893366e-01
3.250000000000000000e+01,1.792111556651832527e-01
3.260000000000000142e+01,1.787983692207531505e-01
3.270000000000000284e+01,1.783900602171560046e-01
3.280000000000000426e+01,1.779861770260222353e-01
3.289999999999999858e+01,1.775866688760384116e-01
3.300000000000000000e+01,1.771914856633228230e-01
3.310000000000000142e+01,1.768005779514258968e-01
3.320000000000000284e+01,1.764138968991147971e-01
3.330000000000000426e+01,1.760313938634827102e-01
3.339999999999999858e+01,1.756530210485342802e-01
3.350000000000000000e+01,1.752787313471774466e-01
3.360000000000000142e+01,1.749084782785697845e-01
3.370000000000000284e+01,1.745422159881185042e-01
3.380000000000000426e+01,1.741798992283893066e-01
3.389999999999999858e+01,1.738214828225177477e-01
3.400000000000000000e+01,1.734669222442758452e-01
3.410000000000000142e+01,1.731161737212834617e-01
3.420000000000000284e+01,1.727691940545472149e-01
3.430000000000000426e+01,1.724259406184605603e-01
3.439999999999999858e+01,1.720863713608037637e-01
3.450000000000000000e+01,1.717504444824536070e-01
3.460000000000000142e+01,1.714181185042510103e-01
3.470000000000000284e+01,1.710893527423748839e-01
3.480000000000000426e+01,1.707641070413342121e-01
3.489999999999999858e+01,1.704423417735734803e-01
3.500000000000000000e+01,1.701240178394727576e-01
3.510000000000000142e+01,1.698090965217853299e-01
3.520000000000000284e+01,1.694975392140605219e-01
3.530000000000000426e+01,1.691893080696244278e-01
3.539999999999999858e+01,1.688843657522373087e-01
3.550000000000000000e+01,1.685826754124343241e-01
3.560000000000000142e+01,1.682842006875256147e-01
3.570000000000000284e+01,1.679889056522326229e-01
3.580000000000000426e+01,1.676967544303611946e-01
3.589999999999999858e+01,1.674077117697133077e-01
3.600000000000000000e+01,1.671217429409706523e-01
3.610000000000000142e+01,1.668388136633132124e-01
3.620000000000000284e+01,1.665588901044191550e-01
3.630000000000000426e+01,1.662819388736372084e-01
3.639999999999999858e+01,1.660079266525329167e-01
3.650000000000000000e+01,1.657368205537262384e-01
3.660000000000000142e+01,1.654685882634272520e-01
3.670000000000000284e+01,1.652031978840724780e-01
3.680000000000000426e+01,1.649406179343249346e-01
3.689999999999999858e+01,1.646808173490740823e-01
3.700000000000000000e+01,1.644237654537755167e-01
3.710000000000000142e+01,1.641694315048485009e-01
3.720000000000000284e+01,1.639177852629114529e-01
3.730000000000000426e+01,1.636687970020480054e-01
3.739999999999999858e+01,1.634224373749660897e-01
3.750000000000000000e+01,1.631786774129975748e-01
3.760000000000000142e+01,1.629374885260985450e-01
3.770000000000000284e+01,1.626988424577117953e-01
3.780000000000000426e+01,1.624627109082933119e-01
3.789999999999999858e+01,1.622290661013341961e-01
3.800000000000000000e+01,1.619978806852232223e-01
3.810000000000000142e+01,1.617691276555608404e-01
3.820000000000000284e+01,1.615427803551590380e-01
3.830000000000000426e+01,1.613188124740414509e-01
3.840000000000000568e+01,1.610971979765169204e-01
3.850000000000000000e+01,1.608779107883953341e-01
3.860000000000000142e+01,1.606609253640969570e-01
3.870000000000000284e+01,1.604462165213672853e-01
3.880000000000000426e+01,1.602337593958716444e-01
3.890000000000000568e+01,1.600235294411955222e-01
3.900000000000000000e+01,1.598155024288443748e-01
3.910000000000000142e+01,1.596096543436279769e-01
3.920000000000000284e+01,1.594059611599134563e-01
3.930000000000000426e+01,1.592043993622624942e-01
3.940000000000000568e+01,1.590049457485388229e-01
3.950000000000000000e+01,1.588075774073917645e-01
3.960000000000000142e+01,1.586122717182563702e-01
3.970000000000000284e+01,1.584190063513532809e-01
3.980000000000000426e+01,1.582277591323197896e-01
3.990000000000000568e+01,1.580385079326931952e-01
4.000000000000000000e+01,1.578512310952431830e-01
4.010000000000000142e+01,1.576659072387154858e-01
4.020000000000000284e+01,1.574825152498579017e-01
4.030000000000000426e+01,1.573010342834202102e-01
4.040000000000000568e+01,1.571214437621541171e-01
4.050000000000000000e+01,1.569437232783593428e-01
4.060000000000000142e+01,1.567678523866430085e-01
4.070000000000000284e+01,1.565938110949271767e-01
4.080000000000000426e+01,1.564215796765733857e-01
4.090000000000000568e+01,1.562511386491227672e-01
4.100000000000000000e+01,1.560824687742958794e-01
4.110000000000000142e+01,1.559155510579928461e-01
4.120000000000000284e+01,1.557503666940551201e-01
4.130000000000000426e+01,1.555868968258741492e-01
4.140000000000000568e+01,1.554251229849465121e-01
4.150000000000000000e+01,1.552650269609916200e-01
4.160000000000000142e+01,1.551065907668669197e-01
4.170000000000000284e+01,1.549497966385678105e-01
4.180000000000000426e+01,1.547946270352276721e-01
4.190000000000000568e+01,1.546410646109921960e-01
4.200000000000000000e+01,1.544890919828794118e-01
4.210000000000000142e+01,1.543386920846848975e-01
4.220000000000000284e+01,1.541898481035737789e-01
4.230000000000000426e+01,1.540425434316528563e-01
4.240000000000000568e+01,1.538967616659704940e-01
4.250000000000000000e+01,1.537524866085167308e-01
4.260000000000000142e+01,1.536097022534597123e-01
4.270000000000000284e+01,1.534683925611044220e-01
4.280000000000000426e+01,1.533285417441625220e-01
4.290000000000000568e+01,1.531901342698755997e-01
4.300000000000000000e+01,1.530531547930953362e-01
4.310000000000000142e+01,1.529175881562834793e-01
4.320000000000000284e+01,1.527834193895118986e-01
4.330000000000000426e+01,1.526506337067979613e-01
4.340000000000000568e+01,1.525192163108406440e-01
4.350000000000000000e+01,1.523891525858686591e-01
4.360000000000000142e+01,1.522604281711970042e-01
4.370000000000000284e+01,1.521330288775949169e-01
4.380000000000000426e+01,1.520069406872859852e-01
4.390000000000000568e+01,1.518821497539479815e-01
4.400000000000000000e+01,1.517586424018540769e-01
4.410000000000000142e+01,1.516364049740660247e-01
4.420000000000000284e+01,1.515154239504851175e-01
4.430000000000000426e+01,1.513956860521699921e-01
4.440000000000000568e+01,1.512771781579620167e-01
4.450000000000000000e+01,1.511598873044853186e-01
4.460000000000000142e+01,1.510438006861466176e-01
4.470000000000000284e+01,1.509289056551259556e-01
4.480000000000000426e+01,1.508151895971138745e-01
4.490000000000000568e+01,1.507026399930779248e-01
4.500000000000000000e+01,1.505912445592242355e-01
4.510000000000000142e+01,1.504809911568082414e-01
4.520000000000000284e+01,1.503718677921348224e-01
4.530000000000000426e+01,1.502638626165581637e-01
4.540000000000000568e+01,1.501569639264818401e-01
4.550000000000000000e+01,1.500511600641303012e-01
4.560000000000000142e+01,1.499464394292926439e-01
4.570000000000000284e+01,1.498427906507282525e-01
4.580000000000000426e+01,1.497402024906687168e-01
4.590000000000000568e+01,1.496386638443681083e-01
4.600000000000000000e+01,1.495381637401029251e-01
4.610000000000000142e+01,1.494386913391722027e-01
4.620000000000000284e+01,1.493402358628878601e-01
4.630000000000000426e+01,1.492427865671373532e-01
4.640000000000000568e+01,1.491463329209781752e-01
4.650000000000000000e+01,1.490508645176754632e-01
4.660000000000000142e+01,1.489563710729023827e-01
4.670000000000000284e+01,1.488628424247400439e-01
4.680000000000000426e+01,1.487702685336776132e-01
4.690000000000000568e+01,1.486786394323621474e-01
4.700000000000000000e+01,1.485879451756773328e-01
4.710000000000000142e+01,1.484981760069333245e-01
4.720000000000000284e+01,1.484093222849592886e-01
4.730000000000000426e+01,1.483213744806330114e-01
4.740000000000000568e+01,1.482343231768809555e-01
4.750000000000000000e+01,1.481481590651826941e-01
4.760000000000000142e+01,1.480628728593797461e-01
4.770000000000000284e+01,1.479784553934990754e-01
4.780000000000000426e+01,1.478948976338889942e-01
4.790000000000000568e+01,1.478121906511229988e-01
4.800000000000000000e+01,1.477303256199997972e-01
4.810000000000000142e+01,1.476492938195432258e-01
4.820000000000000284e+01,1.475690866016497738e-01
4.830000000000000426e+01,1.474896953395574417e-01
4.840000000000000568e+01,1.474111115601472177e-01
4.850000000000000000e+01,1.473333268911052596e-01
4.860000000000000142e+01,1.472563330565407613e-01
4.870000000000000284e+01,1.471801218769857311e-01
4.880000000000000426e+01,1.471046852678037087e-01
4.890000000000000568e+01,1.470300151675965894e-01
4.900000000000000000e+01,1.469561036089304384e-01
4.910000000000000142e+01,1.468829427424866718e-01
4.920000000000000284e+01,1.468105248086067349e-01
4.930000000000000426e+01,1.467388421372919638e-01
4.940000000000000568e+01,1.466678871482036406e-01
4.950000000000000000e+01,1.465976481678842036e-01
4.960000000000000142e+01,1.465281282081304925e-01
4.970000000000000284e+01,1.464593125555490594e-01
4.980000000000000426e+01,1.463911942966594770e-01
4.990000000000000568e+01,1.463237665179813740e-01
5.000000000000000000e+01,1.462570223060343788e-01
5.010000000000000142e+01,1.461909547482983796e-01
5.020000000000000284e+01,1.461255570314900776e-01
5.030000000000000426e+01,1.460608223422095453e-01
5.040000000000000568e+01,1.459967438138418949e-01
5.050000000000000000e+01,1.459333145797723774e-01
5.060000000000000142e+01,1.458705277733861605e-01
5.070000000000000284e+01,1.458083765280683841e-01
5.080000000000000426e+01,1.457468543347230083e-01
5.090000000000000568e+01,1.456859553876856672e-01
5.100000000000000000e+01,1.456256732257974751e-01
5.110000000000000142e+01,1.455660013522777074e-01
5.120000000000000284e+01,1.455069332703456952e-01
5.130000000000000426e+01,1.454484624832207695e-01
5.140000000000000568e+01,1.453905826008495550e-01
5.150000000000000000e+01,1.453332883071528914e-01
5.160000000000000142e+01,1.452765737705857263e-01
5.170000000000000284e+01,1.452204329216893186e-01
5.180000000000000426e+01,1.451648596910050104e-01
5.190000000000000568e+01,1.451098480090741161e-01
5.200000000000000000e+01,1.450553918068711590e-01
5.210000000000000142e+01,1.450014857454841599e-01
5.220000000000000284e+01,1.449481246841561599e-01
5.230000000000000426e+01,1.448953029479013166e-01
5.240000000000000568e+01,1.448430148617339264e-01
5.250000000000000000e+01,1.447912547506682301e-01
5.260000000000000142e+01,1.447400169397184411e-01
5.270000000000000284e+01,1.446892960395902983e-01
5.280000000000000426e+01,1.446390874817886918e-01
5.290000000000000568e+01,1.445893860248457230e-01
5.300000000000000000e+01,1.445401863610755178e-01
5.310000000000000142e+01,1.444914831827921464e-01
5.320000000000000284e+01,1.444432711823096793e-01
5.330000000000000426e+01,1.443955450534931684e-01
5.340000000000000568e+01,1.443483002107215085e-01
5.350000000000000000e+01,1.443015321908082127e-01
5.360000000000000142e+01,1.442552360459345706e-01
5.370000000000000284e+01,1.442094068282817887e-01
5.380000000000000426e+01,1.441640395900311566e-01
5.390000000000000568e+01,1.441191293833638531e-01
5.400000000000000000e+01,1.440746713698426995e-01
5.410000000000000142e+01,1.440306615671088641e-01
5.420000000000000284e+01,1.439870955208602532e-01
5.430000000000000426e+01,1.439439686138506425e-01
5.440000000000000568e+01,1.439012762288338909e-01
5.450000000000000000e+01,1.438590137485637466e-01
5.460000000000000142e+01,1.438171765557940684e-01
5.470000000000000284e+01,1.437757625999651900e-01
5.480000000000000426e+01,1.437347626067021211e-01
5.490000000000000568e+01,1.436941761782315197e-01
5.500000000000000000e+01,1.436539988061286133e-01
5.510000000000000142e+01,1.436142260287797123e-01
5.520000000000000284e+01,1.435748534313821823e-01
5.530000000000000426e+01,1.435358766627295446e-01
5.540000000000000568e+01,1.434972919491268317e-01
5.550000000000000000e+01,1.434590954296465493e-01
5.560000000000000142e+01,1.434212830923989879e-01
5.570000000000000284e+01,1.433838509883390844e-01
5.580000000000000426e+01,1.433467952312664495e-01
5.590000000000000568e+01,1.433101119978252569e-01
5.600000000000000000e+01,1.432737975275044096e-01
5.610000000000000142e+01,1.432378481226374289e-01
5.620000000000000284e+01,1.432022601484024271e-01
5.630000000000000426e+01,1.431670300328222456e-01
5.640000000000000568e+01,1.431321542667643165e-01
5.650000000000000000e+01,1.430976293247728515e-01
5.660000000000000142e+01,1.430634512255673230e-01
5.670000000000000284e+01,1.430296163687742594e-01
5.680000000000000426e+01,1.429961212928882730e-01
5.690000000000000568e+01,1.429629625843887586e-01
5.700000000000000000e+01,1.429301368777399495e-01
5.710000000000000142e+01,1.428976408553909172e-01
5.720000000000000284e+01,1.428654712477755717e-01
5.730000000000000426e+01,1.428336248333126890e-01
5.740000000000000568e+01,1.428020984384058556e-01
5.750000000000000000e+01,1.427708889374434964e-01
5.760000000000000142e+01,1.427399932527988746e-01
5.770000000000000284e+01,1.427094081644466883e-01
5.780000000000000426e+01,1.426791301073346563e-01
5.790000000000000568e+01,1.426491559361209860e-01
5.800000000000000000e+01,1.426194825622275619e-01
5.810000000000000142e+01,1.425901069305400004e-01
5.820000000000000284e+01,1.425610260194076218e-01
5.830000000000000426e+01,1.425322368406435058e-01
5.840000000000000568e+01,1.425037364395244088e-01
5.850000000000000000e+01,1.424755218947908464e-01
5.860000000000000142e+01,1.424475903186470660e-01
5.870000000000000284e+01,1.424199388567609359e-01
5.880000000000000426e+01,1.423925646882641949e-01
5.890000000000000568e+01,1.423654649904956826e-01
5.900000000000000000e+01,1.423386369614469127e-01
5.910000000000000142e+01,1.423120778616854820e-01
5.920000000000000284e+01,1.422857849838119193e-01
5.930000000000000426e+01,1.422597556524581031e-01
5.940000000000000568e+01,1.422339872242873171e-01
5.950000000000000000e+01,1.422084770879941951e-01
5.960000000000000142e+01,1.421832226643047759e-01
5.970000000000000284e+01,1.421582214059764482e-01
5.980000000000000426e+01,1.421334707977980061e-01
5.990000000000000568e+01,1.421089683565895934e-01
